id,class
3afca6c4,0
a52dd7db,0
a95ec3a0,0
68c1c84a,0
627bbd02,0
2cbdb995,0
5b92db71,0
80324579,0
0a237bd7,0
e660b38c,0
15902fcb,0
d4ac476a,0
8482f975,0
72fdb99c,0
56280004,0
cedb59c8,0
cb372303,0
beebafb0,0
8073293f,0
3c2ecf71,0
29ac5101,0
c6f9a5ff,0
0d8ea1eb,0
1b2f02a6,0
026c5677,0
45b4ab08,0
9d991947,0
085498f4,0
f0de5352,0
9cace27e,0
4d42fb42,0
1ae91e70,0
4491cf89,0
4075f68e,0
69dc4c93,0
7ab4f608,0
a1ed5252,0
7f038280,0
bf025c57,0
48e5cc17,0
e3babde1,0
6f99ad1e,0
cde4c155,0
24476ddc,0
d03a547b,0
ab566641,0
caeb523d,0
e140a8bc,0
38c0370b,0
71343940,0
eec018df,0
b8948bcf,0
6ea95494,0
e4957893,0
f5d87ff7,0
6e5bec50,0
1ec451fe,0
3d21dcc8,0
9ff59379,0
ce740aaf,0
e7bd972d,0
81d401bd,0
e87e14fb,0
197804cd,0
3b4e205d,0
1873ed19,0
d6229324,0
a250ef5e,0
d82750f6,0
57449b1f,0
d53bc3b4,0
52024950,0
dcdda463,0
3c620ebd,0
c59cc35e,0
ee7c2d13,0
e52e38f3,0
cb278d1b,0
e853546d,0
608d7830,0
181bb615,0
0b3d7dfa,0
19d75971,0
737af440,0
9b34c595,0
4779df05,0
7a962503,0
1a98f10f,0
10cdbc0d,0
08d31627,0
65e2576d,0
8ea0c1f1,0
935870fb,0
edcf3787,0
e721e2da,0
730ede22,0
afe35059,0
67f53d7b,0
3c41e279,0
9a499cc8,0
32ff290b,0
59c9324b,0
a2e59d12,0
ede97fe5,0
9fdce1a1,0
f7da3521,0
82ea9a1d,0
092f39fa,0
cdaf06cf,0
6d1514fa,0
dad50893,0
aae04edb,0
ca2a6cb7,0
e08ec5a5,0
6356cd83,0
8166dfc9,0
94b2dce2,0
b1e91236,0
8a1acd3b,0
9ca56ac7,0
0ab09bb3,0
a3233456,0
63a7f9a5,0
c2a5d93b,0
543dafb7,0
37f2eb0c,0
9a480338,0
007eb65b,0
540b3c27,0
1e4f6108,0
a6a5d61a,0
f14e9938,0
5aa3a065,0
fda1abb3,0
75a7d94d,0
3b4afd73,0
07471ca5,0
f99d7f3c,0
b305a2a2,0
3eed4fb1,0
98c59838,0
f209161c,0
7113d3fc,0
9f01b8f7,0
b0c555f0,0
fdd2a275,0
02f7e5f8,0
ce7ee0c6,0
38fe89b3,0
7e9fda6d,0
3022434b,0
fb5881c4,0
0b1399c0,0
4ffa7c33,0
666e7401,0
3f3435b3,0
04d829e2,0
0a7cbcdb,0
7f6606c8,0
b63be06f,0
0cb31d79,0
a30a5e06,0
146e9b96,0
022fef06,0
9fa82c24,0
b8646a2b,0
e4f78e8e,0
f7b47cc1,0
01429f36,0
014a6a41,0
8a899d59,0
3cfb19bd,0
9039c1aa,0
ed61f211,0
2ea7382f,0
f0b1cb1e,0
daaa8f72,0
fbac2523,0
85b486de,0
c59ccf52,0
33d74a9a,0
f622532c,0
f6072703,0
a4720dae,0
0cf62969,0
829184bd,0
58f26f20,0
7737513f,0
e6115373,0
64ee69cb,0
c1705342,0
f304079f,0
f2a5866e,0
bf332679,0
4bb07230,0
29c1e10b,0
3a654cfd,0
52531559,0
4ed5da00,0
ba1c9db5,0
97d5821d,0
39cd01b1,0
b8889975,0
b020fd88,0
74ced0a8,0
86e09a05,0
94b9082c,0
eb14c857,0
3c21b670,0
a0acc690,0
91003834,0
4c139dd6,0
15590c6c,0
89cf394f,0
6216f89a,0
ebb2c8b1,0
1749d972,0
fe5e5684,0
bb8bb10a,0
d87c4e4c,0
03b2ddb2,0
e2f01409,0
230995d3,0
0b171f4f,0
c2085e64,0
497ada07,0
708ad189,0
7b14b673,0
12678410,0
fc2185e1,0
03e17de8,0
47f5e02c,0
55a47c61,0
f451a942,0
f74aeb82,0
a31f9857,0
20ec09c1,0
68aa8705,0
6c5be861,0
241a1c93,0
559eacaa,0
484a3f53,0
18eb4b6a,0
04291739,0
0fe20cac,0
8c16a7a4,0
5a9bfdeb,0
4bb458ed,0
d153a81e,0
1f2ce351,0
5a0ca6c3,0
ce0c39a2,0
6433a2c9,0
2481bfbd,0
41e26f80,0
7c3360e0,0
474f2cd1,0
20181d45,0
37424c75,0
36edcf17,0
4ec45637,0
f361224a,0
104da6fd,0
856ad756,0
a3adc663,0
99f146fd,0
17d574d8,0
a3c8a722,0
1776c9a9,0
10f4be0f,0
19f9b374,0
b9991122,0
d23e9eaf,0
198af33f,0
9e4b0a66,0
5c761e78,0
a73a8b6c,0
6822e35a,0
5635db66,0
94a9dc4e,0
8458aefc,0
91505ccd,0
34d32b34,0
32515b15,0
e07e75c7,0
78cdaa45,0
b90cef95,0
9d6829d7,0
6e4e6557,0
5daef1c0,0
69b051b1,0
c0b5d677,0
63359ea9,0
67f17531,0
0ea7e5e8,0
558cbd24,0
c9eca9c4,0
5c2a8018,0
0a0ab226,0
c21382fd,0
2f5c1309,0
a79fa6d2,0
b0cc005f,0
a0b20c8e,0
64e36ac8,0
67575275,0
bcf119ea,0
e1a5757f,0
83c2bbec,0
84e14712,0
5875a21b,0
fb67549c,0
be38f667,0
e1731ca4,0
9d26f1cd,0
5f7614df,0
cc97bd80,0
43ec8b47,0
cad02204,0
38d8c109,0
f00594f6,0
bc954235,0
a9318c2a,0
8a7ea4d7,0
15b0734d,0
8fa290e8,0
e79a6f3a,0
680956c3,0
f1637246,0
90303cc5,0
e93305fc,0
fb256630,0
d8879f1e,0
a36466ae,0
b5eedb10,0
1db03cde,0
e866970d,0
0d145a54,0
401ecfdb,0
ba039cd7,0
1e506e8d,0
e62e30b9,0
3fd9238a,0
8105da04,0
5e443cc1,0
21ed889f,0
7e489b6e,0
a71d5463,0
f308eefd,0
b4619e14,0
ff65848e,0
b67e47a0,0
efae5855,0
d20fe053,0
e88b1744,0
d9cca581,0
01072c96,0
d8741dd2,0
3e32cc5c,0
871f3c96,0
8015035f,0
beabed04,0
edd605b3,0
5ea8e4e8,0
ae031096,0
297e0e87,0
cbd2b73c,0
bc8fa11f,0
1bff55c7,0
3ce2546d,0
3f1821cf,0
b5019f26,0
df225c3f,0
b6bb05d6,0
df9fb815,0
92628a40,0
63b2736e,0
2390679c,0
55467115,0
f4936441,0
92cca0bd,0
58172131,0
0bb06870,0
aee79a8b,0
329dd183,0
73295047,0
4159911c,0
9a7ab351,0
062ff4dc,0
7875101a,0
d6d29a38,0
747ce62a,0
087064b7,0
0743058b,0
b7506f8a,0
a84c61b8,0
15ff3381,0
439c1048,0
6432d2ea,0
b414cb78,0
cd1b6ae6,0
1c4e8c7f,0
e98a1b2f,0
775528c9,0
a64ba33f,0
0a270457,0
df768f5d,0
63de5535,0
18f41617,0
53e272f4,0
2a97ceec,0
f9ed5286,0
33caa654,0
81fbe45a,0
2559335c,0
ac276e41,0
ca147f82,0
a3b00cf3,0
84abfb1f,0
8f2fa237,0
40d13270,0
abd2078b,0
bf5f68df,0
f7b4e1dd,0
0734fa41,0
333f62e3,0
dcc5c053,0
ba60b6ab,0
c7876edd,0
82532216,0
aed188fd,0
3955fd3b,0
772fcd48,0
816c24cd,0
0b4ed07e,0
a245af7d,0
dc55ebfd,0
44d36027,0
60ffb0ea,0
e2b9734c,0
1680e549,0
0b9dbbdb,0
13e6a3b2,0
ff3550b2,0
0ea20868,0
7300fc99,0
3327a533,0
f56cecb6,0
091c9bc3,0
8df63724,0
2a9a7445,0
6cab8a29,0
6e709140,0
c3503758,0
5a2460d0,0
794910e6,0
c49989e0,0
5a32f1b7,0
9489b2a0,0
9754b192,0
4503212e,0
2548410e,0
4e15114d,0
0293ee86,0
c443c045,0
76afe4a1,0
ea7cbe84,0
b5aee72b,0
db9bc18a,0
e22a29d0,0
dfe4af04,0
9a856bfa,0
f0a62c54,0
321f496e,0
2340c2ae,0
c924b00e,0
5f6c85c5,0
4726b976,0
08febdea,0
498c0a15,0
6bec5bfe,0
9c4ceb7e,0
eec703af,0
cfdf135d,0
627931e3,0
81044148,0
2d38a813,0
be7d19a6,0
e5b2350c,0
fee5e293,0
63e8d60d,0
2438b501,0
fbc89899,0
a494b1d4,0
49fb4178,0
4dab5ccf,0
fd3ab716,0
b95edd38,0
ba1e2dd9,0
6388b4d7,0
6ce61fed,0
30d0af0b,0
839d65e2,0
4d72d749,0
76529577,0
c889efe6,0
a37c007c,0
284eec67,0
8c5532dd,0
b92f71a7,0
5add53e3,0
349e6218,0
fb179bab,0
bbf94643,0
cecdce91,0
3328fc2e,0
4c54a536,0
f245dea1,0
07898c4b,0
7d2df4b5,0
e47f79ba,0
03679300,0
5fc1ca4e,0
65207b50,0
57c95e18,0
4516896a,0
49d66313,0
68badc66,0
e4036408,0
06151bb5,0
36aa2665,0
37f7584e,0
80b344b6,0
b65cc5ea,0
214878e5,0
03a72049,0
ac9c37aa,0
20a51de7,0
70be27c9,0
1fed6777,0
a93cb1ea,0
e15fa066,0
7829045d,0
c28cf28e,0
2698622d,0
14999d44,0
5f8297ad,0
970893ad,0
09cfaf1a,0
9c9f2f0f,0
28ec1402,0
7121e57c,0
a891ae00,0
a70eeb8d,0
9add060c,0
2e108d9b,0
3c5680dc,0
0facda3a,0
43c8bb5c,0
85f77bf0,0
cdf18d64,0
6392bc32,0
a3cdbb6e,0
f23f60f3,0
b6122231,0
a8306122,0
945c0d97,0
7e878c1f,0
e6886d5f,0
890d6f5a,0
0f1d3f2c,0
1a9bda3f,0
b75c202c,0
ed131fee,0
ed180d58,0
c0bee266,0
6dfbf277,0
2d48c061,0
5f6a140e,0
b449688d,0
98c69d13,0
8bb52bd1,0
a3241128,0
d40010b1,0
985bd66f,0
58ae49e8,0
372e515f,0
fabe2bfd,0
03d20800,0
d416334b,0
cca8c809,0
fe87c71d,0
a510a23e,0
825c39d2,0
4d72ac89,0
317befae,0
12568195,0
58e26fe1,0
e2ca3ecb,0
30cd1c72,0
3f03c21a,0
364e4396,0
1a97c659,0
e9d953d4,0
bf1d305f,0
927d20b9,0
c2f73e50,0
c82b8793,0
fc1d3fa5,0
989480e7,0
ebbac053,0
96ec3153,0
f4190d71,0
de258388,0
589a2ed6,0
ac1b7785,0
eb71aeea,0
6fe95579,0
cd801065,0
19f46881,0
df83f26d,0
e875ca7f,0
f7d7cbcc,0
2f6456ea,0
8425bcc2,0
fd87434c,0
7767c4b9,0
e2e225e5,0
bed5ef5c,0
f580e767,0
3bba06ef,0
f9d1763b,0
2b0635ab,0
08717f68,0
b7ce0058,0
07acf2a0,0
997c3b9a,0
79e37ea8,0
3405a232,0
7c0b7fcc,0
ffca7e59,0
7f215139,0
de034c6b,0
2f9b855b,0
dc1969bd,0
9b156a1c,0
9a113b8e,0
1b13b8fc,0
3a97a355,0
718591d4,0
749d0799,0
adc51e4c,0
e41c1891,0
885c5f0a,0
4bf1924e,0
a2cd2ffd,0
fd5fc8ad,0
f1c86766,0
b512252a,0
c0f4f2b9,0
73a7977c,0
6c8f353e,0
6a80d2ec,0
8889a6c2,0
73323a92,0
b816f47b,0
a05ebf38,0
61bff562,0
fb2b6402,0
86603cfd,0
b2044cb9,0
ff0347ec,0
8707e783,0
ab8b6404,0
62798f18,0
89847863,0
d5cd6dfe,0
9f91ec7d,0
e7365ecc,0
9509fdc8,0
f91f4742,0
0e341631,0
9ec4468d,0
8fa1bf30,0
d31995a2,0
89f950c9,0
f7837fc4,0
3826f5d1,0
eb65ee10,0
b44bf161,0
53b2f025,0
5071531a,0
ec761b25,0
592efa08,0
610d6387,0
bfd3b214,0
93293ed9,0
5a1ff6bb,0
0b95b7a0,0
6ed0d49c,0
df7a6c81,0
5f46b09a,0
f93e7e0f,0
a3eb0910,0
6e097d79,0
a80f3111,0
dfa6bb5c,0
365fa578,0
eae08dd6,0
ee09f8e1,0
285a0f5b,0
0a4649d2,0
029f407c,0
7bdcb554,0
813be17d,0
9836a3ed,0
e1bb3174,0
1d24d83d,0
9547b17d,0
671131b7,0
c42c2f9c,0
893f99ff,0
da3d368c,0
354b1b81,0
51608d2d,0
9403c810,0
525e1d8a,0
a84771e6,0
5f9daeb9,0
3a6257f3,0
fe8cc517,0
8962fff5,0
20613eaf,0
f1e14146,0
bb8de223,0
dcf79fae,0
c65b184f,0
497dc176,0
e9d16f3f,0
a42d0f96,0
5e00ef6b,0
ae0a427e,0
74c804a0,0
38826329,0
a2bdb823,0
0feb8ebb,0
e3a19daa,0
19a568d5,0
b35dec59,0
b596b2f8,0
560b8aac,0
501ccc8b,0
c88bb355,0
012cf648,0
4dc50c46,0
41ac7082,0
4140f77a,0
7160dd2a,0
b956365c,0
11c17beb,0
58d966a4,0
39c918ab,0
0fdf966e,0
3d487aa4,0
0cb2973e,0
9025d2df,0
76d857d9,0
855ac7a9,0
4b92ae3e,0
0e5b1878,0
2b894f75,0
00e8dbc6,0
fc118add,0
79b391b4,0
a9fc4f99,0
315bb5ef,0
eebef46b,0
4d121cc1,0
838f26ef,0
a7084dd3,0
e4b58992,0
f590e003,0
41163995,0
a3300ba2,0
c542cca7,0
e6de9b0c,0
932d28c6,0
93bb95f4,0
52a0fffe,0
fe77339d,0
8f9a6f94,0
220158de,0
32d6b82a,0
ca283302,0
201f3b9d,0
2381ebf0,0
800cccde,0
e2b8b53c,0
3f1fcea0,0
090b2e00,0
0ba8e82b,0
7df4e6f1,0
ee70f675,0
f979280c,0
273355a9,0
66f26360,0
bda44e77,0
fb410f43,0
2d11b030,0
1b19b80a,0
9034c37e,0
16ba946a,0
aa64243a,0
6ba91c54,0
8e55ebb6,0
3cf0fbf6,0
eb4e7165,0
a03608b0,0
166f928e,0
3aa663ca,0
1e2d71c6,0
3ab0a70e,0
0ca888b5,0
88acc6e6,0
1d281d53,0
f53cbb66,0
fed0697b,0
a622b80a,0
6e14809f,0
b52f1161,0
dbe5cfbb,0
d3fd660e,0
0cae3610,0
68d02239,0
b5b9930a,0
9bb55acf,0
adb63300,0
5a042373,0
0bbde488,0
ca367070,0
3de8039e,0
acd17080,0
76a0e429,0
36f9d2e1,0
cf7a0456,0
8ad8e6b9,0
a39f2bc8,0
050ec582,0
46e69aa1,0
7f1bc55d,0
89393726,0
4ce567c5,0
fc7f638b,0
15fd2afc,0
3b8609a6,0
748721c9,0
0bf96fc0,0
175c3f7f,0
d6381d9c,0
0b9e989e,0
db5c7c18,0
772d5423,0
51344597,0
f7ae746d,0
709e97fd,0
7fe312d1,0
63cb611e,0
d9cca9f9,0
c57c109e,0
af877bb2,0
b9e82a24,0
c81bfd03,0
0dcaab2e,0
1b3953e4,0
7a5c4f0b,0
61a3c93f,0
7ae3a6de,0
f476ee3a,0
abfa45f8,0
ea4ba03c,0
805cca99,0
4c65223d,0
b1b49943,0
21328450,0
0fbd9fac,0
90528e35,0
e92575e2,0
d2152096,0
4c6c59e7,0
85af088e,0
aea38316,0
51612699,0
746463ef,0
a878c743,0
7064c8aa,0
89b6b65f,0
5410cb85,0
bc980a84,0
4e23bf31,0
805d39b9,0
bd796a93,0
3c413ef9,0
acdce58c,0
f3bf864a,0
96ff95c6,0
9ac13b7c,0
b1643a76,0
05d1c12d,0
e6965fc7,0
3efd0b9c,0
62748469,0
84c61207,0
bccd5c79,0
8038dd7c,0
27d3f405,0
c91c633c,0
fa1c88ad,0
e29db682,0
73af655d,0
c800760b,0
f4b31c85,0
24359c34,0
67f97ec3,0
d6c599bb,0
47f60e4d,0
31f5c385,0
01916c8f,0
703702eb,0
e22aaa43,0
9250a8ab,0
18c622cf,0
35f7a158,0
47815231,0
ec61ca60,0
7a1ef760,0
84c9088e,0
d201d8d4,0
6c06e4f2,0
84697daf,0
41749f52,0
e85c117b,0
06fe504c,0
f87be193,0
a02f4da3,0
80b3d96c,0
6ccdd8a8,0
2b526a22,0
7843649e,0
751cbe44,0
6319c421,0
2c9fdec7,0
5a709eec,0
9d965e7d,0
2b741014,0
f0fe9ad9,0
41a8238c,0
1b3628f9,0
fba8336b,0
7606ceb8,0
21558711,0
bfab1596,0
24b2af30,0
553cf9a7,0
35ca3e20,0
05c99828,0
2eb213b2,0
11295261,0
465ad2bc,0
b5322ae8,0
0976b676,0
bbbfa8c9,0
6dcf600c,0
8a0b87b8,0
295b0da9,0
8ac35c9d,0
a5509f4e,0
ab40e43b,0
68e4ba99,0
bfa3ee2a,0
56819809,0
fa090ae1,0
19c89f23,0
53a8d912,0
88c5b7ff,0
0bde211b,0
79e2b188,0
c203cb14,0
ed0d8d0f,0
c9ea1323,0
71fa1697,0
95de85e1,0
c1559375,0
2994b796,0
b9d1d480,0
558f2efd,0
8056821e,0
708eb41a,0
057e938f,0
6eb8e803,0
764b3602,0
d8b39576,0
bb79ea51,0
4eb865c4,0
6e756a9d,0
517eef6d,0
056e8f10,0
63fa7e35,0
2fdd94ea,0
bd0cddfa,0
87cc7d79,0
2502c46a,0
9f73c456,0
a70a173a,0
431314df,0
b80d87ab,0
7931e098,0
86b3e8b7,0
788c14b4,0
81a19a86,0
8c530be8,0
899f808a,0
3a713b47,0
15174bd1,0
7dc78665,0
ad0d355c,0
1b876ba5,0
417d2910,0
56b65069,0
9f68f1e9,0
deb6dafe,0
86817eae,0
bf1151fb,0
57a8664e,0
5c912465,0
c762224f,0
c51bcb29,0
6c3206f4,0
b51170fe,0
e988674d,0
05708341,0
fd0d8699,0
9765019e,0
e588a35a,0
509fa51b,0
581e702a,0
8e20e744,0
56901328,0
660e0c33,0
b1b0c6a5,0
f9be4878,0
855821d9,0
49009c8f,0
c7158c5b,0
2d9baff6,0
2d2d6512,0
a5c9819b,0
dc208510,0
265db0a7,0
36dcc774,0
62c98b78,0
4a998b90,0
a93bced7,0
0c0c5d20,0
94299e42,0
28ccdcda,0
0b376cf5,0
26c49dbd,0
54ebeee9,0
a8e5abda,0
d79b51e3,0
2f62dcca,0
05c6c6a9,0
bea3706c,0
23700a74,0
b2b8777e,0
0bafe2e5,0
fc2f3b44,0
7ba52f7b,0
3b3796de,0
d53eefac,0
b78350b2,0
e72a5605,0
099db914,0
56008276,0
bb03d9d7,0
a1fa7468,0
ce61c778,0
81b2cc03,0
9990bb33,0
2d26fb26,0
6af6ba9d,0
c4c72e63,0
82d5dc7c,0
410fb869,0
4e34ce36,0
63b1e407,0
b9b35e6b,0
c63e4691,0
6caff427,0
554bcaef,0
df9194e3,0
deee463a,0
1598675c,0
1b17212b,0
664f8ee0,0
21e9fcf2,0
9a302ca9,0
2426c250,0
6c95aa60,0
f4db53c7,0
65a6acda,0
283273f7,0
bf2c2942,0
b167f7e2,0
cfa1a270,0
78103523,0
1ba98140,0
33d90d45,0
02088473,0
07004870,0
1c0e0587,0
87baece0,0
5d45b653,0
5a6ca237,0
df9467eb,0
4e2f452c,0
3a7d9a4e,0
82672cb1,0
2d787cbb,0
35220d51,0
14709532,0
2a8ef100,0
c57e34de,0
6a97d4b1,0
e48f224b,0
48078d71,0
b9c902fc,0
b53801ee,0
79fbb77c,0
13924bbf,0
1f839211,0
99bea9b3,0
f6d38956,0
1c0be33d,0
0f47b781,0
88deaf4c,0
b8137491,0
555503fb,0
ff690846,0
dca3478d,0
a70028d6,0
e0dadd15,0
d2c47198,0
8a4c2bdf,0
64c7f976,0
24c9ea84,0
f7ead00f,0
1debc2c6,0
20d08d2f,0
092d6d3c,0
e8697cff,0
ef4b2a24,0
f962b877,0
08723570,0
2a4c1087,0
3d51c7c8,0
3c6c7e31,0
8a853efb,0
93755f6e,0
8dea6fc0,0
9f710422,0
7c29080a,0
c24ba2e8,0
b7213b57,0
780a28b4,0
1f97a12a,0
4aeeca2d,0
e76fc07c,0
40769de8,0
2cb6bd6a,0
460e01a1,0
102ee3ce,0
884c522f,0
6ba3ddcd,0
ae92e949,0
2b3d753d,0
bf37236b,0
89906842,0
a87b6a86,0
f8b91029,0
e52eea9c,0
4ab4a247,0
c41cb3d4,0
a371191b,0
d5fd1d66,0
a36a4e39,0
20681afb,0
96cda411,0
29210ee5,0
45d127f6,0
c0bbd136,0
139856db,0
ebaf6a1a,0
247d9ca9,0
3ef2f81c,0
129519fa,0
5cc496ac,0
e28c56a6,0
fae473cd,0
ee8faee8,0
24dc79ca,0
d851b3a4,0
f2a3605f,0
7ce905b3,0
cf645f32,0
93eebe60,0
f1e435b6,0
dcf63146,0
6d15a859,0
37671652,0
7a2d3f32,0
b298c4cc,0
29ccd411,0
3b1e4e95,0
078ba644,0
ddfe343d,0
db92cc75,0
1266e23d,0
a46d6355,0
d9dfd42b,0
a5172df9,0
6062650d,0
780a68e8,0
24fff976,0
bbd014fd,0
3926eafb,0
2fd6bbce,0
426c3ea8,0
1f195be7,0
33a23750,0
488dead7,0
a3c12e76,0
ea1653e7,0
21a09d9c,0
4db78599,0
8c961643,0
ad03a630,0
fff98090,0
85831d09,0
4c78cf1e,0
704b9b4f,0
c75c77b2,0
13b8e5a8,0
4d8464db,0
ae2f4bee,0
d48db6f4,0
902ed40b,0
0857008b,0
fcfc1aca,0
06132083,0
e69ec7fe,0
6d53b726,0
48aa084a,0
94cb1d6c,0
eef8c4bb,0
a2d09fc6,0
b8a3de52,0
4599c380,0
d64d1284,0
ecf33af8,0
4f404ecb,0
b48d81ab,0
e694c84b,0
8254d7f3,0
73bf9d62,0
4b02e69e,0
dcb17588,0
8ad2e570,0
8585b9c8,0
bfcabdf1,0
360e8fe0,0
7b35d82a,0
ce3f26cc,0
a0aecfc7,0
8d2664ef,0
9199719b,0
7d435448,0
f44261d2,0
88d64e59,0
7b68437d,0
cccc0791,0
aad5d9e2,0
dd85336d,0
02809507,0
8357eb3e,0
e3cf13e2,0
07895db5,0
b069f27f,0
65f00d1a,0
e07ae92a,0
0e6a21e4,0
45deaa2a,0
be99b421,0
cf407d2f,0
dbc992bf,0
133acb69,0
adc1bc9f,0
a820b70b,0
40aeeaa0,0
c703e830,0
4c80cb05,0
6f55ab44,0
8be39fd4,0
d975ccad,0
691a1787,0
2041edae,0
2664a630,0
9be77223,0
de0a1b30,0
4afb7259,0
d7ddaa9e,0
eb3c10e7,0
db440a40,0
fac71bb9,0
63b22d91,0
7d4af233,0
11325a91,0
194d9403,0
dc349f5c,0
9fbc8752,0
b144d657,0
912818f1,0
6af62a36,0
289de08d,0
fe0fc2ff,0
dcd21c61,0
8b6cd138,0
9bf85332,0
5d988309,0
7904878b,0
edb819ec,0
067a7a9f,0
bc8f6d6e,0
4bdda493,0
96e18c1c,0
15985c0d,0
3de818d3,0
6405f6ff,0
3c3d4304,0
4d4180e5,0
791daca0,0
2545e5ae,0
fa1d377c,0
b69dfe2d,0
980e629d,0
d0f2c083,0
78793994,0
4918157e,0
725d4f70,0
01995233,0
95a9cbfc,0
78f1708e,0
57503e67,0
c07e8452,0
b9f403d6,0
0262dea4,0
c6240de1,0
00cc5ef2,0
fa88e1fd,0
c9e2006e,0
ff885d01,0
a46bf42f,0
6521a980,0
0028e9cd,0
062443d1,0
cf7fd40c,0
ba2452ef,0
0d74bc5e,0
610e6431,0
144fb632,0
b2cba23f,0
ebfc75be,0
0ca39046,0
cf5c93c2,0
07b54d4f,0
9f721dbf,0
2b92b977,0
59b2ee20,0
9027e28d,0
91a7adf9,0
b6c8f062,0
d77edd97,0
573ef635,0
05628733,0
fb0c2d17,0
421036ad,0
0a7af67a,0
57601590,0
f86cf659,0
228e6d35,0
ad7e78e5,0
d31eac85,0
c9a0bb66,0
340d1810,0
16b080d8,0
2f577407,0
072f6024,0
40dc11ef,0
aa2c3aa8,0
a82299c8,0
56b95945,0
0f75bcaa,0
335a31b1,0
ea3c0100,0
d9b72172,0
fdea05dd,0
a0405175,0
62deecd4,0
30bc6f59,0
110cd655,0
49efeecd,0
447500b9,0
73189fae,0
79d7884e,0
6aa7cd34,0
f20bcd0a,0
9a183056,0
28c2d8cf,0
b34bfa3f,0
441bc57e,0
531f84a9,0
6dcaa42c,0
77664871,0
700cbd17,0
a547a9c5,0
c7595184,0
2dbaa6ca,0
4b12780b,0
0f960b43,0
c3b3c76a,0
6dbdc0c0,0
8cf5a422,0
4a8586ab,0
c39f424b,0
6694ba49,0
7131104e,0
754ddff5,0
cd5ab72a,0
856b97d2,0
4be9a4d8,0
c033069f,0
c5945fb3,0
36527c19,0
ee5fadc6,0
243ba7fd,0
198e50e0,0
f3773336,0
fcd11061,0
67c5700f,0
b756de0e,0
39e080b5,0
c7592997,0
e359d673,0
8ceb42a4,0
106f3494,0
2e8b331b,0
3ea6a075,0
49618838,0
629ff3ed,0
b5df6333,0
ccb39bfb,0
849dbf39,0
c3ab66fd,0
36a939ea,0
b4fab640,0
a24913e9,0
b01f16ad,0
cc05e32e,0
996afc86,0
4498a543,0
52f33144,0
ebeb1d5c,0
33d5ab46,0
c94309fc,0
e89b435f,0
cec0b49f,0
c39d15db,0
5c0a7779,0
5b57f784,0
d48356a0,0
86f344d5,0
6f58076d,0
88aae7f4,0
e7a74fd6,0
7aafe006,0
fa29d577,0
2a767096,0
f0c2c942,0
aa99afde,0
2cb72b1e,0
b0ccbcc5,0
3ed050bd,0
e7035bdb,0
a216ebe4,0
975d54c5,0
f7cab075,0
74a87cef,0
63356dd1,0
30cb6e40,0
83abd5e8,0
61386235,0
861816c9,0
7625ac94,0
e17858f4,0
cc0879cf,0
933048bb,0
3019f780,0
2311fc5c,0
74398554,0
938a866b,0
33d1b758,0
416abe68,0
de68bdcb,0
17b88b42,0
98113747,0
f330f1d6,0
d10e66af,0
b8386b66,0
23b0ae27,0
6eedc437,0
f0f7e070,0
b3b30a44,0
5824fc8e,0
81442533,0
b3cb7ceb,0
761843c9,0
8f8b9ba0,0
2f47a60b,0
6eb92e20,0
f932c916,0
76f97dbc,0
4286e891,0
0ea96e1e,0
83a3de1a,0
14465efe,0
09ba6e1d,0
8d151618,0
0430df4e,0
c1dc0a65,0
f2ae5001,0
b74cbabd,0
7706b4c3,0
e5a9e05b,0
2113a855,0
33c8bf0d,0
c6de3ef0,0
05be3828,0
a1c024ba,0
276c4bfc,0
d5de4e8f,0
e2ebcf2e,0
5513356b,0
16d5b88a,0
4de5fe69,0
75d0398c,0
ccd579a1,0
b9ce6830,0
4a385c5b,0
12984bf2,0
d62a5a73,0
38176da0,0
589b4253,0
5487cf17,0
69c5a896,0
5119170c,0
890b6f1f,0
6e015494,0
41b3c584,0
86b4dddd,0
decd75d8,0
a7cbb141,0
abf662b6,0
444f6ae3,0
7e1fb728,0
63e98ba7,0
2f65ab5b,0
0ecce1cb,0
641818ab,0
641da3fb,0
bfd9377a,0
abee27f6,0
cf02f2d2,0
fd443548,0
0a6e97dc,0
06508c0f,0
c8c4c5a3,0
ce0147c2,0
d8cea47f,0
12882228,0
b0bde600,0
55e3a907,0
7b75aeb3,0
733c4c7f,0
88eba644,0
1f7fe937,0
89d0f5c2,0
b0de81af,0
bf3e12ce,0
147122fe,0
75bfff2b,0
f91a2fdc,0
035b51a8,0
a1de47bc,0
221f5b94,0
bf42b5cc,0
9ead3480,0
37b279dc,0
580f922d,0
decc9677,0
51b77384,0
8109cbef,0
25f2a731,0
1387ac69,0
17a00519,0
a0dfe94c,0
0de1abaf,0
25920e7a,0
a7cf610c,0
4690b678,0
d11edf16,0
73e515c7,0
c102dfc7,0
ca544839,0
a9af9081,0
f0808295,0
46254460,0
73a4b0e4,0
9662a974,0
c58918b2,0
c3a12dcd,0
ba8b4a89,0
20c5d90d,0
b7ba9d43,0
96ce212f,0
89a392f6,0
0e3b306d,0
b14abd25,0
7af2a291,0
67b40ee3,0
3d7c8158,0
8e5f33ab,0
9370274b,0
9060eb60,0
18821ac4,0
1c3481a5,0
c8a2e924,0
d695cb4e,0
9b261714,0
357f7e43,0
a6d1bf93,0
4c88eaad,0
e2da65d3,0
1936cb3f,0
14874569,0
55a30f04,0
ae060948,0
d5a2700a,0
cca3dfdc,0
dac75370,0
351b0a9f,0
462b8d75,0
4fab93e3,0
53ba29e5,0
e9cc61b8,0
85a3806e,0
6472e059,0
85eb0e27,0
de38d2c2,0
dff24751,0
39401303,0
96db0e5a,0
2772c443,0
b8abebb4,0
e0af0ecf,0
eb6285cc,0
b4e3f253,0
c10b549d,0
fad82d7f,0
b699e907,0
6bbbcb35,0
c7823d4c,0
305e6e88,0
2e0a0c71,0
24c9a115,0
58d31456,0
cc65c9c3,0
3946db14,0
fb6e5b16,0
6d63f49c,0
9aba206e,0
c6ed058e,0
7f8a4f1b,0
9af20f72,0
d479d341,0
4cf2842b,0
1d3df9f7,0
9fdfa26e,0
0c74f2e3,0
33503c7b,0
1aa38a8c,0
a203af0b,0
9236cd7b,0
8607c515,0
888e7c2c,0
c9fc85b6,0
e2573ffb,0
9bdf0c78,0
785c3360,0
5854c0a4,0
edef36af,0
2e15cc8c,0
56941c40,0
029bd2cc,0
1f80e556,0
6eadf702,0
e9bf5b46,0
383d2ed1,0
0760459b,0
ea5baa84,0
222d43ca,0
b9c3664b,0
f288d97f,0
a3c90d2d,0
a2735bf9,0
a4171b96,0
6d577a74,0
ea7097f8,0
94a0ba1c,0
de450f7d,0
0919f11c,0
0b28f046,0
95506aab,0
bcc7408f,0
9d384415,0
9b8bf751,0
9ee20b33,0
c7f3651f,0
455492ba,0
81ae30ad,0
90641df5,0
b796c6d1,0
c27be0fd,0
2891c102,0
283add0a,0
93f35a64,0
2a9ce302,0
5d965d19,0
cdae56b9,0
ddaf49f6,0
e2b0fa84,0
8c13d156,0
3c2c38d4,0
dc20f463,0
1e4023d6,0
7029b668,0
d67adb67,0
a7f88258,0
27ba6183,0
300a52cb,0
a9b86c9b,0
55d24d3c,0
40aaee92,0
d5273b81,0
66f30dfd,0
add6bb38,0
9f0e9b6c,0
bad79efc,0
a09bac5b,0
929e028c,0
76a53226,0
d882b562,0
b2d8b9ad,0
7451cf9e,0
8180f764,0
a4232dc5,0
9fa62dec,0
6dd2c2b5,0
4f93fc23,0
57d52f5e,0
1be4aecd,0
ce7621f8,0
3aca0bb6,0
1a49d0b4,0
7591b908,0
70a0caf3,0
cae92d47,0
01c42fc0,0
11af32c0,0
83c0a38f,0
d6246cab,0
77f239bc,0
077e7cff,0
471e7889,0
9abfc1d5,0
f1b67508,0
361d70e3,0
b6f1702f,0
378932d6,0
dc5b9344,0
957e14c6,0
63760bae,0
6864970a,0
ead64762,0
3e26a175,0
1894cacc,0
63bef398,0
0f8f44ff,0
d0aa7702,0
97ebff4b,0
8f8cd282,0
44c99150,0
49fd8cf1,0
95012f53,0
899bd150,0
fad8d780,0
c780c737,0
d9dc4e5d,0
7e82d15f,0
a1344111,0
abec85c6,0
84af8f0e,0
265a3a4c,0
597f52df,0
3b808af8,0
2a43474a,0
26f99e70,0
57dc2793,0
2fc08b86,0
25022ac1,0
ede0d4fe,0
61e5850f,0
923685cb,0
0e25a70b,0
336f5d3d,0
fb8e07fc,0
b1c3d696,0
d02b41df,0
4efc52a7,0
5c3df7e8,0
08e193b2,0
d1801f67,0
7acd097a,0
56ea0e41,0
d1bdc4bb,0
9c72b146,0
e9774e39,0
f56d3438,0
87b4e67e,0
3968b467,0
1ea8f923,0
411060e1,0
db9dd527,0
26b77e18,0
2e408e16,0
9930f540,0
042a6dad,0
874a7f25,0
4f248e3b,0
c4ebd1de,0
8dcaa37c,0
361c9185,0
484d2330,0
0760ea2c,0
44b4da4e,0
0536e60a,0
30cd7296,0
207536ff,0
37a9e7c4,0
b3808b34,0
17cb7301,0
11adad56,0
0c3601ea,0
7d9bf494,0
c7665a4c,0
889dd638,0
88c04b0f,0
90624f79,0
c14713ee,0
71a43583,0
cc9b2d11,0
170c8873,0
a96fd88a,0
41e820b0,0
baaee852,0
3ea1a25c,0
b4681b79,0
637f2c10,0
d9bdab8a,0
53b68bf7,0
844815c5,0
66b165de,0
31540860,0
190a931d,0
e415d081,0
731fbde2,0
f26db521,0
bb489ed1,0
bb58142f,0
2a9ac464,0
5899c215,0
b853ea52,0
efb4a704,0
8f99a2a4,0
3769340e,0
ae806346,0
4463b8a1,0
4ea90f30,0
82ec6430,0
bc482efd,0
080955a1,0
10c2a6d7,0
7da786e4,0
a356b7b7,0
0bd7963b,0
f3a4b762,0
183990dd,0
54c67e62,0
57a21fdc,0
7b0bb7df,0
6307a6b0,0
c685df29,0
35e2bd97,0
c7ae75f1,0
9c90f463,0
f0ec0854,0
d9422957,0
5336af73,0
160b2e23,0
d1664e64,0
008721c0,0
47c45357,0
88b0e3e8,0
639aa367,0
0e89fa6a,0
d6b53416,0
8202f4a2,0
919dd9d3,0
d731e136,0
c1b6e363,0
667dcaf6,0
bb604b54,0
ac6c4777,0
6d9b2cc8,0
ac481a35,0
34552433,0
ff79ff0f,0
3fcf372c,0
4a449c8b,0
1dff7557,0
9904c265,0
380fac9c,0
d7d49a9e,0
bed0c72b,0
e041413a,0
d4b5db63,0
6587a310,0
792826f0,0
f933fce1,0
58697b84,0
6c3807a7,0
87cccfa8,0
3c79cb73,0
c2eb8b63,0
346c80b8,0
a6c57ecf,0
84e320e5,0
55a8fa17,0
13907925,0
e5cbf3f4,0
525f7bf7,0
f3a83bc3,0
b43b5f29,0
960ddb1a,0
14c29bd1,0
d7e074e1,0
ef82409d,0
1708b33c,0
d3d2b96e,0
24cddb86,0
f8b38b1a,0
947ad947,0
e864613d,0
4e920d4f,0
05cc0472,0
2dfd6f3d,0
143fc046,0
8616656c,0
d5a0be32,0
cb256b77,0
61c499ff,0
f40a7765,0
e8e970f3,0
20f76b4c,0
7bf94aec,0
5a572900,0
0c708984,0
24b47c5d,0
9b9d3de6,0
45c7a761,0
1f5da5f7,0
d2f9184d,0
25a1e0b4,0
fca945d6,0
55e01ecf,0
4f48d884,0
4c7e24fb,0
8a5845d7,0
3ba704ad,0
2e31bc00,0
1c15d12a,0
e8cae17f,0
c592b19f,0
a6f26b97,0
0fb8c506,0
31728348,0
cfd37b4a,0
2028457a,0
0b43f5c6,0
195053ed,0
bed914b8,0
755f521e,0
63a22aec,0
6faa321c,0
1813caa7,0
2972e7c8,0
a4d7ce83,0
ab6f5d3c,0
81b0b9d2,0
f14e16d6,0
10f8feaf,0
6850e508,0
0fabe923,0
30314ce7,0
d6fa5875,0
0574f952,0
9d2be180,0
a9ad9f11,0
ecaf98ed,0
3d8c1e49,0
55a6d840,0
ef56b4e6,0
f0011634,0
be8ecc2b,0
b1051d21,0
a940638d,0
2f79ba28,0
a274278d,0
d4a505b1,0
e1a39efe,0
760024c5,0
19c2cc30,0
45166eda,0
a4a49d90,0
eac001fc,0
c3e383b4,0
c73a6f2c,0
002559e2,0
7d2000b8,0
aba1cde3,0
15cd4a4e,0
f2433f8e,0
98a35e82,0
581d8857,0
37bf853a,0
1497a33b,0
555dc367,0
1253ad96,0
297ccd1f,0
191b5b3f,0
53292316,0
59c8bf30,0
33e7fed3,0
99ab8fb2,0
547669b8,0
2b5742bd,0
7f157f31,0
59869bd3,0
e97421d7,0
a2165c04,0
3149397e,0
3449cf38,0
d3e99ae1,0
e3a2fdff,0
6fe99573,0
f583d343,0
95801c9d,0
6fcd3bfc,0
f7a34cc8,0
f5486e13,0
338d2d7f,0
47e6b316,0
7e0608b2,0
e0c88f7a,0
721731f8,0
4bf619c6,0
cf36ec90,0
5ddbbb66,0
6390f226,0
aa6cb8c6,0
b711db69,0
6cbe2bd5,0
09b3917d,0
a68ac212,0
a556f770,0
c12a77c8,0
969b35ee,0
05f8733c,0
44f9646d,0
bb928961,0
b31ec94c,0
56aebd26,0
89a2d309,0
afc97a66,0
d8c10827,0
785a9414,0
03a169f4,0
ce8d8ba1,0
c44870d1,0
44973af4,0
2b972755,0
993fb2bf,0
7107e9d5,0
e595bb51,0
aa31778e,0
8ac35a56,0
13f82a43,0
2ab2dd3c,0
f1db740e,0
73458b66,0
345c4ecf,0
a7c97764,0
d23bb61f,0
131d3966,0
18f21858,0
0a962b1b,0
06e48e4b,0
da33bbe1,0
b4b11ba3,0
403ce8dc,0
32f6a2d7,0
1d17331e,0
e533677d,0
74627661,0
a3f5f1c4,0
d0083d26,0
55d5165f,0
97280f2e,0
0d84f25f,0
e8c581ef,0
85cdb0d9,0
d69647c8,0
d24ff6a9,0
cee892ee,0
4e5ae9c3,0
fb912aeb,0
d3a381ed,0
676d5c48,0
b960cdf9,0
694eeef6,0
0c4cf9df,0
aff29f96,0
19fa7bd6,0
f8073478,0
173f37ac,0
f5892558,0
37037be4,0
5278db19,0
b5f46138,0
e5e617c6,0
d2faf3fb,0
358445ab,0
7a0b77ed,0
25fa44a6,0
7ffe5e2f,0
1e10c6b0,0
b52e886e,0
fddcea87,0
5eb44ec2,0
375cb439,0
70cc6b73,0
3a12efd2,0
d6a663cf,0
8306ff28,0
eac9cf9b,0
9d412074,0
2dd0dbbd,0
021dd1bf,0
d475114b,0
c727b7dd,0
2f84b644,0
6db63870,0
8920e018,0
4c28b350,0
024f3221,0
c8d280e0,0
78dd1afe,0
0444441b,0
de91f032,0
63956757,0
625ca5b3,0
4383fdea,0
386146d9,0
9a14a69a,0
ac07c341,0
3807eca5,0
257900f1,0
d5653c36,0
7064d1b5,0
7eb36b5e,0
f413f34c,0
c7fd6b52,0
8f3e7bb3,0
22b6cc6b,0
829b55ab,0
f44c3a4a,0
8ccd78ba,0
17718035,0
9d1b764f,0
8b719d25,0
451a31ba,0
a010299c,0
809af4c6,0
3197ff8a,0
8d8f76c4,0
1eb13b52,0
fb5c350f,0
41bbc965,0
021b0898,0
c0a7f7ca,0
0ef98083,0
651c9ee7,0
9522258e,0
c53df731,0
52c7f1c9,0
007f5b97,0
8c19b339,0
8d65ca83,0
6f0059e5,0
006db35e,0
90485e5b,0
a9b425f1,0
bc5c7cc4,0
5177a483,0
44543a7a,0
a48b5e74,0
22292840,0
6c82bf60,0
74fcabfc,0
7bc0b175,0
77f2a186,0
eda4886a,0
3e42eb76,0
d4e52dc2,0
461a5cfc,0
ac98d77d,0
8cdd2622,0
f4f5e37a,0
ac2cd20b,0
95c83bab,0
aad1ea64,0
997747df,0
a37c36a3,0
e52e99c8,0
f9a10966,0
6106d620,0
776c1e6b,0
826d7fa3,0
10931b96,0
566b1da3,0
2095399d,0
6c8b98c9,0
efc17bc1,0
7909050d,0
aad0ff50,0
b4031885,0
3d9ddc87,0
ac70b6f3,0
79366699,0
6fc02b8d,0
b6b70b02,0
5fead2e9,0
458ac164,0
2f72ebcd,0
6a01c86a,0
7f8dbb29,0
0ac41c61,0
75fdb98e,0
0cd3e2bb,0
810e62ea,0
644fa38a,0
8d8964f1,0
1a20bd8d,0
291d4d34,0
13aab090,0
4394411d,0
19231949,0
271c4419,0
22df33a2,0
a96a4af9,0
0f206d2a,0
25a349f2,0
62843ad6,0
c5e0cf3d,0
1bc6616e,0
d1ddefcf,0
909aca2b,0
34686f11,0
e836d7bc,0
a5e089d3,0
d09d9b05,0
51865fe4,0
25a70ab1,0
fa9c489f,0
c466c6da,0
4a726f85,0
6621a4df,0
7f5615f7,0
dd2d76b1,0
5bc31167,0
7bc3bbc4,0
73a9ba5d,0
2dd8a460,0
480dcc30,0
95e6c008,0
1e71f567,0
143d1227,0
8f4214b2,0
7a4628ad,0
472cac4d,0
c2824ea1,0
088d238f,0
6347561e,0
1afb95f6,0
f89c662e,0
5a4c9189,0
1ea49a8d,0
878b675e,0
a631b5d7,0
8bc27326,0
d236207b,0
289ad9c8,0
ef96e939,0
2ddf8a5d,0
4b14a622,0
d1dfc726,0
fb1baf3b,0
12a26644,0
706c1bee,0
c9ece84b,0
de97371d,0
bcc485d6,0
b025ae37,0
84481a22,0
482f9c01,0
fa7ccca5,0
a4cfdb8c,0
44c78729,0
4f2cb283,0
e315cdab,0
498b8cb3,0
30e8ac56,0
cd2df58f,0
5b17505c,0
c7b7943d,0
9e1e4ec0,0
d8c0bba3,0
299a3b59,0
1a2ab5cc,0
1048ccc2,0
00979a7c,0
046f4db3,0
a262c5ee,0
900ca704,0
7311aae8,0
26ad4460,0
91bda842,0
76ab669d,0
e2922e5e,0
1c78c7eb,0
893bfbd5,0
b44d170d,0
814d44e1,0
d13f4f09,0
b005b5a0,0
abb8a6ec,0
8f24c453,0
f2ce036f,0
31045c6c,0
5eda3342,0
8317d92d,0
9fa905bf,0
c3bbf709,0
6338c563,0
27f176cf,0
b613f733,0
423298d3,0
55712a63,0
730d065e,0
eb61d196,0
f0ad39b2,0
8aaa4560,0
1e1fddf1,0
af013757,0
a5a28ef1,0
78c2d665,0
ffd2b097,0
5af0df27,0
5cebbbb3,0
697b7570,0
33debb94,0
e046efc4,0
433f2dd9,0
c48b39bb,0
dce64797,0
4b2d2f28,0
29b48d5f,0
19c62daa,0
12c83c3e,0
e6117053,0
4708d452,0
911556d5,0
90b0476e,0
37099d6e,0
2eba2a39,0
ee87a3e7,0
dfcf3f0a,0
483ff657,0
aa08376d,0
b0f5d2ee,0
c98a4492,0
1c8a7154,0
6374f42e,0
34527626,0
b1f39b2c,0
b491b786,0
3345e8e1,0
44365161,0
b8ae298e,0
710472ac,0
84f1b7a4,0
39191f17,0
07db1695,0
617c1ae0,0
36cef014,0
0aaf8844,0
60a262e3,0
ed8a64b4,0
28f5e875,0
8ac6d35f,0
1b949a2a,0
dded4b96,0
66f18ac5,0
22447057,0
24f3be51,0
cf5ab67c,0
0cac899b,0
e3648858,0
7f97ad4c,0
ceff2d31,0
0312cbe4,0
6bd6fead,0
4c3495ca,0
b523da36,0
d3a5d8a9,0
c801ff02,0
a5faac99,0
0147eb5a,0
34e58d7b,0
9664a022,0
710b17ca,0
e2c82578,0
ddc797a5,0
83e39dc1,0
3444d128,0
5788e10f,0
4f9999ef,0
b75caabe,0
72206652,0
59aa5dde,0
42c0471c,0
260593b2,0
4fa167cd,0
c78d6f1f,0
567ede61,0
758cd40d,0
4e836b12,0
fd517a39,0
217676f7,0
a3c11885,0
07a5c8f0,0
58c8fe2c,0
ff244db8,0
40afeee6,0
7e2d9614,0
6a9b44b9,0
3f00a155,0
31c65642,0
ef382e5e,0
7adc1e0f,0
a2e5a5eb,0
477c5013,0
0f552225,0
469a1349,0
74484267,0
0b250449,0
74e191fc,0
dce52709,0
2abaf62f,0
8f65ebc3,0
9218248c,0
39f1c633,0
96d60891,0
fd5b2d1c,0
1ef930c1,0
a1fd3af4,0
51aed5c8,0
c2da5250,0
51d99d84,0
139e82f4,0
e045bf3f,0
dde7655b,0
2da92a17,0
a3c5fb5e,0
8419e496,0
65b7a635,0
8eeecca8,0
ae57609a,0
59ad6364,0
9f0f72a8,0
5c1950a2,0
fa97cc85,0
6bfbf9b5,0
353c9663,0
680e79b4,0
06a2c71a,0
cfcd20f8,0
4ff2869e,0
53dc07c3,0
0e5bb2a7,0
cf040d77,0
706cb97a,0
1cb7a812,0
8367616f,0
e8f4d132,0
b596fb05,0
d2047c6c,0
cc6c62e5,0
6af3dafe,0
ee4b1334,0
a930bf73,0
eafa39f2,0
1eb33585,0
c6ad6d08,0
49266fc4,0
505e8f26,0
c3242426,0
1dae2f6e,0
7db8a010,0
1447cc6a,0
7eed88e2,0
f930d682,0
2bb789c1,0
dc043acd,0
f80f5d40,0
5b268d12,0
ab095a68,0
eab2ccc5,0
165a5cd5,0
dce31211,0
118efdd1,0
e17ef37b,0
0c9380de,0
589c1908,0
bc3d1134,0
228586e1,0
92f59537,0
528a6ab9,0
98674b6c,0
21bc6e6e,0
36729c54,0
7d15be9d,0
4ff56581,0
e5921449,0
71f50848,0
50d60dad,0
74d3fa28,0
914384ad,0
e2bb79cf,0
8292d761,0
a527bdd1,0
c8a3a2be,0
3dea473c,0
2dc9feb5,0
81d28ae1,0
876ae344,0
ebb1ed0c,0
1b16365c,0
d9be1fc7,0
02535500,0
592b5076,0
b4c563fa,0
ad47677b,0
61c3ced2,0
9bbc17b2,0
0210804f,0
37551f12,0
dd808a47,0
97f93b00,0
838164b1,0
233fb861,0
f4485715,0
72f186d9,0
0329b5e4,0
dd479750,0
21943c23,0
14e03dd3,0
2e980039,0
9719c7f0,0
2f5e1d13,0
a3ae960d,0
6418dbc5,0
1413ce9c,0
0582056d,0
0fb5f99d,0
4e5de067,0
87156ec3,0
0c671164,0
02fc5e64,0
5aa80935,0
0b954b65,0
3dcf3dca,0
e4e3c8f2,0
1a3a627d,0
36203c8c,0
adb34417,0
3a337ea4,0
3759875d,0
8c61345a,0
ba7e738c,0
f471021a,0
fec9f6fa,0
5a774f82,0
7cef478b,0
836dc580,0
213466e5,0
816c269d,0
2ed99a6d,0
ccaee91c,0
82c45764,0
c64e69b1,0
2ee39c15,0
0a3b5c0d,0
90ecf7a0,0
007fa09f,0
073b6f69,0
efc6cb1c,0
7fa3f05b,0
9b966119,0
3071620c,0
2faeceaf,0
ad3bcc83,0
b7b69a1c,0
96b00b2c,0
f0e80c99,0
621b4d58,0
8a559c50,0
83202a7f,0
133d5078,0
75d63a6a,0
0e70853e,0
fcbb6773,0
70ad770f,0
aa8b0caa,0
c2ccb93c,0
59884310,0
fdaddc75,0
da367bdf,0
b23edac3,0
1a198345,0
8be4a4e9,0
006a1455,0
cecfd7b0,0
bc5d11b2,0
60f87b9c,0
fc0b0acc,0
65d9677f,0
146770b4,0
2ddb6a2b,0
989a5c99,0
970392c1,0
63a34cbd,0
7b74c5d5,0
25934a68,0
950215cf,0
c43f549e,0
70a983a3,0
8ca15ed1,0
f4c69c85,0
4c2feab8,0
40c03fad,0
502d216e,0
29127361,0
112649ec,0
d2ef79cd,0
41aa0a1d,0
245fe917,0
ab1a3a53,0
107fa424,0
25024877,0
cdce8504,0
1a5d88ca,0
00fb77fe,0
e2f1207b,0
c8c8fc0b,0
e61bd0af,0
b04da5c5,0
ba2c3e80,0
05f01a4e,0
75c2db37,0
28ffbca1,0
ad0ee923,0
3bd31755,0
3de04744,0
aaf44c50,0
4071c457,0
70207041,0
b4e171e6,0
fbe8d524,0
41cfe130,0
1c6935b8,0
db48eee7,0
d7fabfed,0
3d9c2f2a,0
aafb324d,0
67943584,0
a115f18c,0
2e89f631,0
20c62e09,0
b2f6ed8c,0
d385a153,0
c7285eb0,0
f1253b49,0
04a16336,0
229c22f0,0
41f364d7,0
695044c4,0
f49a005c,0
6d7a86ef,0
efa13e90,0
683528cd,0
28871056,0
aa489f70,0
ad03079b,0
34077956,0
b5dd72c9,0
79013f1a,0
e301fdaf,0
f1aba06e,0
0be44ecf,0
1c1d0e0b,0
1ae160f6,0
10148599,0
b181f3da,0
6be2589d,0
f949f6d3,0
91063a6d,0
ac15ddc3,0
6d3f2ca2,0
5e166080,0
ae7900e0,0
c14310cc,0
159f55d9,0
8bbe0d6f,0
368f1511,0
103c1b00,0
213fe83c,0
a4379af7,0
49996d7e,0
ab0eece5,0
b46e651e,0
ec5f13e8,0
5c25b275,0
eff18d73,0
9aeb051b,0
8b982613,0
80fab227,0
1a25fd2a,0
72dbac8b,0
b5effca4,0
888cd979,0
afa95315,0
3407702a,0
c5a7e8aa,0
e2a9f2c4,0
ecf1e971,0
b615c071,0
79636ca5,0
eacf7f34,0
0c5c19b3,0
6f18fa87,0
93d08aeb,0
49288a87,0
037f722c,0
6c76a718,0
a1b23473,0
4fae0eee,0
f97da576,0
6221f740,0
9c013a4d,0
ad74426d,0
c97e2db5,0
ae79b16d,0
942e08ae,0
74b3fe92,0
f270084f,0
bf270702,0
4e49acaa,0
eb6220ed,0
1278e096,0
6ece36b3,0
eeb671cc,0
3d2338a3,0
deb43caa,0
4e8a8c24,0
1dcab0ee,0
02b8117b,0
2959092c,0
19768c07,0
0681b1e6,0
8e55b1a8,0
cf7348f3,0
148ebfdc,0
7c13a509,0
1151d7eb,0
fc6a1c83,0
dfedc8ef,0
4718cfa7,0
41a7ba14,0
19131002,0
0d84a60a,0
f8cdff47,0
e5f4eb1a,0
9b7f1d9c,0
0b5cb15a,0
228f08e1,0
e03b02bd,0
868621c7,0
d045a537,0
daf18c34,0
a79a44f2,0
9af9e2d5,0
9b2a35bc,0
3bd88de4,0
f7f8088c,0
883d0e29,0
ab2f9e12,0
b7c406dc,0
b1cf0ebe,0
9b09a242,0
06d8e4a5,0
5f06110b,0
72bd2732,0
6356b05d,0
0e83af18,0
8be46832,0
b50cf2db,0
2bbda196,0
019136e6,0
7944a59c,0
62459d85,0
f505ce48,0
063737fe,0
3c8c6e31,0
a98e9bce,0
951e2a81,0
a4ec4e3e,0
006293b2,0
6f60e20b,0
dc4270eb,0
7ad86cc6,0
52bf517a,0
5c372068,0
10afe940,0
d02a1317,0
0bc0328e,0
74d2643d,0
7d803e70,0
3e0181c2,0
5c15f5d5,0
e8508a3d,0
5a3fdf3e,0
c70b5f94,0
aa3e026c,0
8a39f0a4,0
d315dc70,0
ae69ce89,0
5cca4837,0
a6500240,0
9cfa453f,0
9594cbd7,0
41bfc04a,0
27875a50,0
de01a462,0
c5607423,0
c582dbd0,0
feb2cdf8,0
60e40cc0,0
9eb6866f,0
45f64e3c,0
c1cef918,0
73e44fa3,0
21cbde06,0
caac91a1,0
a86f1664,0
0cf90ccc,0
aa0349e3,0
eadb2946,0
e69b4568,0
deff9695,0
5c40e0aa,0
4d597c97,0
f93308f3,0
fd5531c4,0
32da1b02,0
0123214d,0
4bc0270f,0
4a9ee8da,0
84838e8d,0
09a4c6be,0
ce41db35,0
02cec240,0
64162093,0
b1bdc18b,0
149bc176,0
e364e5b8,0
57538529,0
2f4fbd2e,0
b47a9337,0
55b86b83,0
1545f6a7,0
6adf5e3f,0
a5fd1b35,0
8adb6829,0
61ba03bf,0
01f3b0bc,0
64811ac4,0
57cfd61e,0
5af953f4,0
4e982756,0
97bfbb42,0
736bdb3b,0
9ebce618,0
11028720,0
167b6159,0
799e034f,0
6650cb44,0
7dae6f61,0
caa562b7,0
d57c91f7,0
8966917c,0
8c7e6951,0
c63f8564,0
a06055fa,0
007fa52c,0
f338ddf7,0
9434fd8b,0
60bf949a,0
2058a5e7,0
d9d18320,0
cffaf6f9,0
81e98724,0
e27de68e,0
e0f9306f,0
d623a1aa,0
e3c64bf0,0
b6d1268c,0
3df57ee7,0
5d3b5c71,0
9c9be1d3,0
855121ae,0
d6264d85,0
b8308205,0
189686d6,0
2dd2fdf0,0
d953b417,0
e25b4674,0
e3a763d5,0
2173e1e6,0
217d5e8c,0
8f7e8e7c,0
